AL,,Tirana,4,258764,512795,scripts.scp,S512795/,,0,,,0,,0,28800,0,iPass Inc.||5500|1|,0,,,,,,0,2,MODEM,1171517,0x4,,,,,,
AM,,Yerevan,1,542 384,508656,scripts.scp,S508656/,,0,,,0,,0,28800,0,iPass Inc.||238|1|,0,0,,,,,0,3,MODEM,369527,0x4,,,,,,
AN,,Curacao,9,869 3201,102420,scripts.scp,S102420/,,0,,,0,,0,28800,0,iPass Inc.||239|1|,0,0,,,9/681437,,0,3,MODEM,372253,0x4,,,,,,
AN,,St. Maarten,5,45 3172,526953,scripts.scp,S526953/,,0,,,0,,0,28800,0,iPass Inc.||239|1|,0,,,,,,0,1,MODEM,372253,0x4,,,,,,
AR,,Cordoba,351,4246654,102125,scripts.scp,S102125/,,0,,,0,,0,28800,0,iPass Inc.||241|1|,0,0,,,349/0849,,0,11,MODEM,374979,0x4,,,,,,
AR,,La Plata,221,4240856,106964,scripts.scp,S106964/,,0,,,0,,0,28800,0,iPass Inc.||241|1|,0,0,,,,,0,11,MODEM,374979,0x4,,,,,,
AR,,Mar del Plata,223,4959579,106965,scripts.scp,S106965/,,0,,,0,,0,28800,0,iPass Inc.||241|1|,0,0,,,,,0,5,MODEM,374979,0x4,,,,,,
AR,,Mendoza,261,4297411,108762,scripts.scp,S108762/,,0,,,0,,0,28800,0,iPass Inc.||241|1|,0,0,,,,,0,10,MODEM,374979,0x4,,,,,,
AR,,Neuquen,299,443 1553,505394,scripts.scp,S505394/,,0,,,0,,0,9600,0,iPass Inc.||241|1|,0,0,,,,,0,4,MODEM,374979,0x4,,,,,,
AR,,Rosario,341,449 8853,102126,scripts.scp,S102126/,,0,,,0,,0,28800,0,iPass Inc.||241|1|,0,0,,,349/0849,,0,10,MODEM,374979,0x4,,,,,,
AR,,Salta,387,432 0880,505395,scripts.scp,S505395/,,0,,,0,,0,9600,0,iPass Inc.||241|1|,0,0,,,,,0,2,MODEM,374979,0x4,,,,,,
AR,,Tucuman,381,421 3935,505396,scripts.scp,S505396/,,0,,,0,,0,28800,0,iPass Inc.||241|1|,0,0,,,,,0,3,MODEM,374979,0x4,,,,,,
AZ,,Baku,12,4934 546,589184,scripts.scp,S589184/,,0,,,0,,0,28800,0,iPass Inc.||246|1|,0,0,,,9412/989405,,0,4,MODEM,1248069,0x4,,,,,,
BA,,Sarajevo,33,214 209,526927,scripts.scp,S526927/,,0,,,0,,0,28800,0,iPass Inc.||581|1|,0,,,,,,0,2,MODEM,923213,0x4,,,,,,
BD,,Dhaka,2,956 7723,104697,scripts.scp,S104697/,,0,,,0,,0,28800,0,iPass Inc.||248|1|,0,0,,,,,0,4,MODEM,2762758,0x4,,,,,,
BE,,Antwerp,3,231 7615,102148,scripts.scp,S102148/,,0,,,0,,0,28800,0,iPass Inc.||249|1|,0,0,,,2/7450101,,0,4,MODEM,385883,0x4,,,,,,
BE,,Bruges,50,32 1404,104413,scripts.scp,S104413/,,0,,,0,,0,28800,0,iPass Inc.||249|1|,0,0,,,,,0,1,MODEM,385883,0x4,,,,,,
BE,,Charleroi,71,30 6702,102151,scripts.scp,S102151/,,0,,,0,,0,28800,0,iPass Inc.||249|1|,0,0,,,2/7450101,,0,4,MODEM,385883,0x4,,,,,,
BE,,Ghent,9,234 2990,113511,scripts.scp,S113511/,,0,,,0,,0,28800,0,iPass Inc.||249|1|,0,0,,,,,0,4,MODEM,385883,0x4,,,,,,
BE,,Hasselt,11,87 4255,102153,scripts.scp,S102153/,,0,,,0,,0,28800,0,iPass Inc.||249|1|,0,0,,,2/7450101,,0,1,MODEM,385883,0x4,,,,,,
BE,,Kortrijk,56,21 4850,102154,scripts.scp,S102154/,,0,,,0,,0,28800,0,iPass Inc.||249|1|,0,0,,,2/7450101,,0,4,MODEM,385883,0x4,,,,,,
BE,,Liege,4,221 3593,104414,scripts.scp,S104414/,,0,,,0,,0,28800,0,iPass Inc.||249|1|,0,0,,,,,0,4,MODEM,385883,0x4,,,,,,
BF,,Ouagadougou,,50 31 24 34,102175,scripts.scp,S102175/,,0,,,0,,0,28800,0,iPass Inc.||250|1|,0,0,,,30 60 24,,0,3,MODEM,388609,0x4,,,,,,
BG,,Bourgas,56,80 0501,108765,scripts.scp,S108765/,,0,,,0,,0,28800,0,iPass Inc.||251|1|,0,0,,,,,0,2,MODEM,1250795,0x4,,,,,,
BG,,Sofia,2,960 1555,225206,scripts.scp,S225206/,,0,,,0,,0,28800,0,iPass Inc.||251|1|,0,0,,,,,0,5,MODEM,1250795,0x4,,,,,,
BG,,Varna,52,50 0702,102174,scripts.scp,S102174/,,0,,,0,,0,28800,0,iPass Inc.||251|1|,0,0,,,2/9808565,,0,2,MODEM,1250795,0x4,,,,,,
BH,,Manama,,8000 1515,583144,scripts.scp,S583144/,,0,,,0,,0,28800,0,iPass Inc.||252|1|,0,,,,,,0,1,MODEM,391335,0x4,,,,,,
BO,,Cochabamba,4,450 2088,505405,scripts.scp,S505405/,,0,,,0,,0,28800,0,iPass Inc.||257|1|,0,0,,,,,0,1,MODEM,1253521,0x4,,,,,,
BO,,La Paz,2,240 7112,525339,scripts.scp,S525339/,,0,,,0,,0,28800,0,iPass Inc.||257|1|,0,,,,,,0,3,MODEM,1253521,0x4,,,,,,
BO,,Santa Cruz,3,332 2422,108764,scripts.scp,S108764/,,0,,,0,,0,28800,0,iPass Inc.||257|1|,0,0,,,,,0,1,MODEM,1253521,0x4,,,,,,
BR,,Belem,91,230 0900,200506,scripts.scp,S200506/,,0,,,0,,0,28800,0,iPass Inc.||258|1|,0,0,,,,,0,6,MODEM,399513,0x4,,,,,,
BR,,Belo Horizonte,31,32813020,546144,scripts.scp,S546144/,,0,,,0,,0,28800,0,iPass Inc.||258|1|,0,,,,,,0,9,MODEM,399513,0x4,,,,,,
BR,,Brasilia,61,3285840,546145,scripts.scp,S546145/,,0,,,0,,0,28800,0,iPass Inc.||258|1|,0,,,,,,0,8,MODEM,399513,0x4,,,,,,
BR,,Campinas,19,3237 1377,512800,scripts.scp,S512800/,,0,,,0,,0,28800,0,iPass Inc.||258|1|,0,,,,,,0,5,MODEM,399513,0x4,,,,,,
BR,,Curitiba,41,310 0120,526865,scripts.scp,S526865/,,0,,,0,,0,28800,0,iPass Inc.||258|1|,0,,,,,,0,8,MODEM,399513,0x4,,,,,,
BR,,Fortaleza,85,3264 3699,200508,scripts.scp,S200508/,,0,,,0,,0,28800,0,iPass Inc.||258|1|,0,0,,,,,0,9,MODEM,399513,0x4,,,,,,
BR,,Maceio,82,241 9944,517478,scripts.scp,S517478/,,0,,,0,,0,28800,0,iPass Inc.||258|1|,0,,,,,,0,8,MODEM,399513,0x4,,,,,,
BR,,Porto Alegre,51,3212 4999,102163,scripts.scp,S102163/,,0,,,0,,0,28800,0,iPass Inc.||258|1|,0,0,,,21/2334746,,0,9,MODEM,399513,0x4,,,,,,
BR,,Recife,81,3421 6262,512801,scripts.scp,S512801/,,0,,,0,,0,28800,0,iPass Inc.||258|1|,0,,,,,,0,9,MODEM,399513,0x4,,,,,,
BR,,Rio de Janeiro,21,25148949,505404,scripts.scp,S505404/,,0,,,0,,0,28800,0,iPass Inc.||258|1|,0,0,,,,,0,10,MODEM,399513,0x4,,,,,,
BR,,Salvador,71,3582777,200510,scripts.scp,S200510/,,0,,,0,,0,28800,0,iPass Inc.||258|1|,0,0,,,,,0,9,MODEM,399513,0x4,,,,,,
BS,,Nassau,242,323 7594,579780,scripts.scp,S579780/,,0,,,0,,0,28800,0,iPass Inc.||259|1|,0,,,,,,0,2,MODEM,402239,0x4,,,,,,
BW,,Gaborone,,3906742,102160,scripts.scp,S102160/,,0,,,0,,0,28800,0,iPass Inc.||261|1|,0,0,,,300876,,0,1,MODEM,2708184,0x4,,,,,,
CG,,Brazzaville,,810039,526943,scripts.scp,S526943/,,0,,,0,,0,28800,0,iPass Inc.||267|1|,0,,,,,,0,1,MODEM,410417,0x4,,,,,,
CG,,Pointe Noire,,947210,102219,scripts.scp,S102219/,,0,,,0,,0,28800,0,iPass Inc.||267|1|,0,0,,,94/1725,,0,1,MODEM,410417,0x4,,,,,,
CI,,Abidjan,,20 32 88 55,102221,scripts.scp,S102221/,,0,,,0,,0,28800,0,iPass Inc.||269|1|,0,0,,,323765,,0,5,MODEM,1930157,0x4,,,,,,
CL,,Antofagasta,55,220 700,503810,scripts.scp,S503810/,,0,,,0,,0,28800,0,iPass Inc.||270|1|,0,0,,,,,0,5,MODEM,413143,0x4,,,,,,
CL,,Concepcion,41,239 514,102201,scripts.scp,S102201/,,0,,,0,,0,28800,0,iPass Inc.||270|1|,0,0,,,2/672 6332,,0,4,MODEM,413143,0x4,,,,,,
CL,,Iquique,57,423 619,102202,scripts.scp,S102202/,,0,,,0,,0,28800,0,iPass Inc.||270|1|,0,0,,,2/672 6332,,0,3,MODEM,413143,0x4,,,,,,
CL,,La Serena,51,218 721,200516,scripts.scp,S200516/,,0,,,0,,0,28800,0,iPass Inc.||270|1|,0,0,,,,,0,5,MODEM,413143,0x4,,,,,,
CL,,Punta Arenas,61,229 393,505406,scripts.scp,S505406/,,0,,,0,,0,28800,0,iPass Inc.||270|1|,0,0,,,,,0,3,MODEM,413143,0x4,,,,,,
CL,,Santiago,2,697 3081,102204,scripts.scp,S102204/,,0,,,0,,0,28800,0,iPass Inc.||270|1|,0,0,,,2/672 6332,,0,10,MODEM,413143,0x4,,,,,,
CM,,Douala,,3424291,536202,scripts.scp,S536202/,,0,,,0,,0,28800,0,iPass Inc.||271|1|,0,,,,,,0,1,MODEM,887775,0x4,,,,,,
CM,,Yaounde,,2235652,536203,scripts.scp,S536203/,,0,,,0,,0,28800,0,iPass Inc.||271|1|,0,,,,,,0,1,MODEM,887775,0x4,,,,,,
CO,,Barranquilla,5,360 4448,200517,scripts.scp,S200517/,,0,,,0,,0,28800,0,iPass Inc.||273|1|,0,0,,,,,0,8,MODEM,418595,0x4,,,,,,
CO,,Bucaramanga,7,632 9244,526930,scripts.scp,S526930/,,0,,,0,,0,28800,0,iPass Inc.||273|1|,0,,,,,,0,11,MODEM,418595,0x4,,,,,,
CO,,Cali,2,885 8377,113523,scripts.scp,S113523/,,0,,,0,,0,28800,0,iPass Inc.||273|1|,0,0,,,,,0,10,MODEM,418595,0x4,,,,,,
CO,,Cartagena,5,665 9190,526931,scripts.scp,S526931/,,0,,,0,,0,28800,0,iPass Inc.||273|1|,0,,,,,,0,2,MODEM,418595,0x4,,,,,,
CO,,Medellin,4,321 2100,512806,scripts.scp,S512806/,,0,,,0,,0,28800,0,iPass Inc.||273|1|,0,,,,,,0,11,MODEM,418595,0x4,,,,,,
CO,,Pereira,6,333 0330,505397,scripts.scp,S505397/,,0,,,0,,0,28800,0,iPass Inc.||273|1|,0,0,,,,,0,4,MODEM,418595,0x4,,,,,,
CR,,San Jose,,287 0800,104431,scripts.scp,S104431/,,0,,,0,,0,28800,0,iPass Inc.||274|1|,0,0,,,,,0,1,MODEM,1258973,0x4,,,,,,
CS,,Belgrade,11,311 5255,102495,scripts.scp,S102495/,,0,,,0,,0,28800,0,iPass Inc.||415|1|,0,0,,,11/2351210,,0,10,MODEM,614881,0x4,,,,,,
CS,,Nis,18,52 3095,503808,scripts.scp,S503808/,,0,,,0,,0,9600,0,iPass Inc.||415|1|,0,0,,,,,0,3,MODEM,614881,0x4,,,,,,
CS,,Novi Sad,21,42 1681,505392,scripts.scp,S505392/,,0,,,0,,0,9600,0,iPass Inc.||415|1|,0,0,,,,,0,3,MODEM,614881,0x4,,,,,,
CS,,Podgorica,81,24 6822,505391,scripts.scp,S505391/,,0,,,0,,0,9600,0,iPass Inc.||415|1|,0,0,,,,,0,1,MODEM,614881,0x4,,,,,,
CV,,Praia,,2612023,595985,scripts.scp,S102199/,,0,,,0,,0,28800,0,iPass Inc.||276|1|,0,0,,,615797,,0,1,MODEM,1932883,0x4,,,,,,
CY,,Larnaca,,24643 063,102227,scripts.scp,S102227/,,0,,,0,,0,28800,0,iPass Inc.||277|1|,0,0,,,2/442066,,0,3,MODEM,424047,0x4,,,,,,
CY,,Limassol,,25346 589,200518,scripts.scp,S200518/,,0,,,0,,0,28800,0,iPass Inc.||277|1|,0,0,,,,,0,3,MODEM,424047,0x4,,,,,,
CY,,Nicosia,,22712 121,510072,scripts.scp,S510072/,,0,,,0,,0,28800,0,iPass Inc.||277|1|,0,,,,,,0,3,MODEM,424047,0x4,,,,,,
CY,,Paphos,,26221 885,200519,scripts.scp,S200519/,,0,,,0,,0,28800,0,iPass Inc.||277|1|,0,0,,,,,0,3,MODEM,424047,0x4,,,,,,
CZ,,Brno,,541 248 090,113526,scripts.scp,S113526/,,0,,,0,,0,28800,0,iPass Inc.||278|1|,0,0,,,,,0,2,MODEM,1261699,0x4,,,,,,
CZ,,Ceske Budejovice,,386 358 291,200520,scripts.scp,S200520/,,0,,,0,,0,9600,0,iPass Inc.||278|1|,0,0,,,,,0,2,MODEM,1261699,0x4,,,,,,
CZ,,Hradec Kralove,,495 212 903,546146,scripts.scp,S546146/,,0,,,0,,0,9600,0,iPass Inc.||278|1|,0,,,,,,0,2,MODEM,1261699,0x4,,,,,,
CZ,,Liberec,,485 109 416,200521,scripts.scp,S200521/,,0,,,0,,0,28800,0,iPass Inc.||278|1|,0,0,,,,,0,2,MODEM,1261699,0x4,,,,,,
CZ,,Olomouc,,585 243 656,200522,scripts.scp,S200522/,,0,,,0,,0,28800,0,iPass Inc.||278|1|,0,0,,,,,0,2,MODEM,1261699,0x4,,,,,,
CZ,,Ostrava,,596 127 480,200523,scripts.scp,S200523/,,0,,,0,,0,28800,0,iPass Inc.||278|1|,0,0,,,,,0,2,MODEM,1261699,0x4,,,,,,
CZ,,Plzen,,377 456 995,200524,scripts.scp,S200524/,,0,,,0,,0,9600,0,iPass Inc.||278|1|,0,0,,,,,0,2,MODEM,1261699,0x4,,,,,,
CZ,,Prague,,222 101 010,226543,scripts.scp,S226543/,,0,,,0,,0,28800,0,iPass Inc.||278|1|,,0,,,,,0,2,MODEM,1261699,0x4,,,,,,
DK,,Copenhagen,,36 44 22 46,102236,scripts.scp,S102236/,,0,,,0,,0,28800,0,iPass Inc.||281|1|,0,0,,,36/198666,,0,3,MODEM,2484330,0x4,,,,,,
DZ,,Algiers,,2164 5460,561244,scripts.scp,S561244/,,0,,,0,,0,33600,0,iPass Inc.||283|1|,0,,,,,,0,3,MODEM,429499,0x4,,,,,,
EC,,Ambato,3,2424830,512809,scripts.scp,S512809/,,0,,,0,,0,9600,0,iPass Inc.||284|1|,0,,,,,,0,1,MODEM,1264425,0x4,,,,,,
EC,,Cuenca,7,2836044,512810,scripts.scp,S512810/,,0,,,0,,0,28800,0,iPass Inc.||284|1|,0,,,,,,0,1,MODEM,1264425,0x4,,,,,,
EC,,Guayaquil,4,251 1000,102238,scripts.scp,S102238/,,0,,,0,,0,28800,0,iPass Inc.||284|1|,0,0,,,2/553709,,0,2,MODEM,1264425,0x4,,,,,,
EC,,Manta,5,2629142,512811,scripts.scp,S512811/,,0,,,0,,0,9600,0,iPass Inc.||284|1|,0,,,,,,0,1,MODEM,1264425,0x4,,,,,,
EC,,Quito,2,290 0340,514496,scripts.scp,S514496/,,0,,,0,,0,28800,0,iPass Inc.||284|1|,0,,,,,,0,4,MODEM,1264425,0x4,,,,,,
EE,,Tallinn,,6410730,104415,scripts.scp,S104415/,,0,,,0,,0,28800,0,iPass Inc.||285|1|,0,0,,,,,0,3,MODEM,432225,0x4,,,,,,
EG,,Alexandria,3,488 1900,526859,scripts.scp,S526859/,,0,,,0,,0,28800,0,iPass Inc.||286|1|,0,,,,,,0,3,MODEM,893227,0x4,,,,,,
EG,,Cairo,2,456 0100,104438,scripts.scp,S104438/,,0,,,0,,0,28800,0,iPass Inc.||286|1|,0,0,,,,,0,4,MODEM,893227,0x4,,,,,,
EG,,Hurghada,65,344 5044,587508,scripts.scp,S587508/,,0,,,0,,0,9600,0,iPass Inc.||286|1|,0,0,,,,,0,3,MODEM,893227,0x4,,,,,,
EG,,Luxor,95,237 9800,587509,scripts.scp,S587509/,,0,,,0,,0,9600,0,iPass Inc.||286|1|,0,0,,,,,0,2,MODEM,893227,0x4,,,,,,
ER,,Asmara,1,127466,104440,scripts.scp,S104440/,,0,,,0,,0,28800,0,iPass Inc.||287|1|,0,0,,,,,0,1,MODEM,434951,0x4,,,,,,
GF,,Cayenne,594,358588,104449,scripts.scp,S104449/,,0,,,0,,0,28800,0,iPass Inc.||295|1|,0,0,,,,,0,1,MODEM,448581,0x4,,,,,,
GH,,Accra,21,233643,102301,scripts.scp,S102301/,,0,,,0,,0,28800,0,iPass Inc.||296|1|,0,0,,,21/662217,,0,2,MODEM,1269877,0x4,,,,,,
GI,,Gibraltar,,51893,102302,scripts.scp,S102302/,,0,,,0,,0,28800,0,iPass Inc.||297|1|,0,0,,,72065,,0,1,MODEM,451307,0x4,,,,,,
GN,,Conakry,,435547,546147,scripts.scp,S546147/,,0,,,0,,0,28800,0,iPass Inc.||299|1|,0,,,,,,0,1,MODEM,454033,0x4,,,,,,
GP,,Pointe a Pitre,,590213279,546148,scripts.scp,S546148/,,0,,,0,,0,28800,0,iPass Inc.||300|1|,0,,,,,,0,1,MODEM,456759,0x4,,,,,,
GR,,Athens,21,0969 6700,512825,scripts.scp,S512825/,,0,,,0,,0,28800,0,iPass Inc.||302|1|,0,,,,,,0,2,MODEM,3355157,0x4,,,,,,
GR,,Heraklion,281,032 4495,102305,scripts.scp,S102305/,,0,,,0,,0,28800,0,iPass Inc.||302|1|,0,0,,,1/9651984,,0,2,MODEM,3355157,0x4,,,,,,
GR,,Patras,261,027 0074,108853,scripts.scp,S108853/,,0,,,0,,0,28800,0,iPass Inc.||302|1|,0,0,,,,,0,2,MODEM,3355157,0x4,,,,,,
GR,,Rhodes,2241,039 875,102309,scripts.scp,S102309/,,0,,,0,,0,28800,0,iPass Inc.||302|1|,0,0,,,1/9651984,,0,2,MODEM,3355157,0x4,,,,,,
GR,,Thessaloniki,231,024 2043,102310,scripts.scp,S102310/,,0,,,0,,0,28800,0,iPass Inc.||302|1|,0,0,,,1/9651984,,0,2,MODEM,3355157,0x4,,,,,,
GT,,Guatemala City,,2367 4177,586561,scripts.scp,S586561/,,0,,,0,,0,28800,0,iPass Inc.||303|1|,0,,,,,,0,4,MODEM,459485,0x4,,,,,,
GU,,Guam,,477 6871,526879,scripts.scp,S526879/,,0,,,0,,0,28800,0,iPass Inc.||304|1|,0,,,,,,0,1,MODEM,462211,0x4,,,,,,
HN,,San Pedro Sula,,5579905,526937,scripts.scp,S526937/,,0,,,0,,0,28800,0,iPass Inc.||308|1|,0,,,,,,0,4,MODEM,467663,0x4,,,,,,
HN,,Tegucigalpa,,237 4362,104462,scripts.scp,S104462/,,0,,,0,,0,28800,0,iPass Inc.||308|1|,0,0,,,,,0,3,MODEM,467663,0x4,,,,,,
HR,,Zagreb,1,632 6600,523559,scripts.scp,S523559/,,0,,,0,,0,28800,0,iPass Inc.||309|1|,0,,,,,,0,1,MODEM,1998307,0x4,,,,,,
HT,,Port au Prince,,223 7489,226545,scripts.scp,S226545/,,0,,,0,,0,28800,0,iPass Inc.||310|1|,,0,,,,,0,1,MODEM,2710910,0x4,,,,,,
HU,,Budapest,1,429 8235,102319,scripts.scp,S102319/,,0,,,0,,0,28800,0,iPass Inc.||311|1|,0,0,,,1/266 9004,,0,4,MODEM,1946513,0x4,,,,,,
HU,,Gyor,96,318 644,512828,scripts.scp,S512828/,,0,,,0,,0,28800,0,iPass Inc.||311|1|,0,,,,,,0,3,MODEM,1946513,0x4,,,,,,
HU,,Miskolc,46,411 466,517480,scripts.scp,S517480/,,0,,,0,,0,28800,0,iPass Inc.||311|1|,0,,,,,,0,3,MODEM,1946513,0x4,,,,,,
ID,,Denpasar Bali,361,766 952,102333,scripts.scp,S102333/,,0,,,0,,0,28800,0,iPass Inc.||312|1|,0,0,,,21/3459304,,0,1,MODEM,1278055,0x4,,,,,,
ID,,Jakarta,21,386 4550,108854,scripts.scp,S108854/,,0,,,0,,0,28800,0,iPass Inc.||312|1|,0,0,,,,,0,8,MODEM,1278055,0x4,,,,,,
IL,,Tel Aviv,3,972 1922,102341,scripts.scp,S102341/,,0,,,0,,0,28800,0,iPass Inc.||314|1|,0,0,,,3/9712320,,0,3,MODEM,473115,0x4,,,,,,
IS,,Reykjavik,,551 1666,102320,scripts.scp,S102320/,,0,,,0,,0,28800,0,iPass Inc.||317|1|,0,0,,,181/572 7900,,0,1,MODEM,2724540,0x4,,,,,,
JM,,Kingston,876,922 2398,586592,scripts.scp,S586592/,,0,,,0,,0,28800,0,iPass Inc.||319|1|,0,0,,,,,0,3,MODEM,481293,0x4,,,,,,
JO,,Amman,6,5606241,108774,scripts.scp,S108774/,,0,,,0,,0,28800,0,iPass Inc.||320|1|,0,0,,,,,0,2,MODEM,1949239,0x4,,,,,,
JP,101,Tokyo,3,5498 6711,591646,scripts.scp,S591646/,,0,,,0,,0,28800,0,iPass Inc.||201|1|,0,0,,,3/3346 9265,,0,8,MODEM,2478878,0x4,,,,,,
JP,74,Narita,476,32 7850,104482,scripts.scp,S104482/,,0,,,0,,0,28800,0,iPass Inc.||201|1|,0,0,,,,,0,3,MODEM,2478878,0x4,,,,,,
JP,77,Fukuoka,92,282 7031,102364,scripts.scp,S102364/,,0,,,0,,0,28800,0,iPass Inc.||57|1|,0,0,,,3/3346 9265,,0,3,MODEM,95793,0x4,,,,,,
JP,90,Sendai,22,291 9961,104481,scripts.scp,S104481/,,0,,,0,,0,28800,0,iPass Inc.||119|1|,0,0,,,,,0,3,MODEM,202583,0x4,,,,,,
JP,94,Okinawa,98,861 2844,104477,scripts.scp,S104477/,,0,,,0,,0,28800,0,iPass Inc.||176|1|,0,0,,,,,0,1,MODEM,281959,0x4,,,,,,
JP,95,Osaka,724,567122,104478,scripts.scp,S104478/,,0,,,0,,0,28800,0,iPass Inc.||177|1|,0,0,,,,,0,9,MODEM,3330567,0x4,,,,,,
KE,,Mombasa,11,222 040,104484,scripts.scp,S104484/,,0,,,0,,0,28800,0,iPass Inc.||322|1|,0,0,,,,,0,2,MODEM,2487056,0x4,,,,,,
KG,,Bishkek,312,54 3895,533499,scripts.scp,S533499/,,0,,,0,,0,28800,0,iPass Inc.||323|1|,0,,,,,,0,1,MODEM,2266127,0x4,,,,,,
KH,,Phnom Penh,23,723 562,104428,scripts.scp,S104428/,,0,,,0,,0,28800,0,iPass Inc.||324|1|,0,0,,,23/427622,,0,2,MODEM,486745,0x4,,,,,,
KH,,Phnom Penh,23,723 563,104425,scripts.scp,S104425/,,0,,,0,,0,28800,0,iPass Inc.||324|1|,0,0,,,,,0,3,MODEM,486745,0x4,,,,,,
KR,,Pusan,51,462 5408,104485,scripts.scp,S104485/,,0,,,0,,0,28800,0,iPass Inc.||326|1|,0,0,,,,,0,2,MODEM,1951965,0x4,,,,,,
KR,,Seoul,2,775 6647,104486,scripts.scp,S104486/,,0,,,0,,0,28800,0,iPass Inc.||326|1|,0,0,,,,,0,6,MODEM,1951965,0x4,,,,,,
KW,,Kuwait,,2402130,526955,scripts.scp,S526955/,,0,,,0,,0,28800,0,iPass Inc.||327|1|,0,,,,,,0,1,MODEM,489471,0x4,,,,,,
KZ,,Almaty,3272,503545,104483,scripts.scp,S104483/,,0,,,0,,0,28800,0,iPass Inc.||328|1|,0,0,,,,,0,1,MODEM,492197,0x4,,,,,,
LB,,Beirut,1,655 955,102386,scripts.scp,S102386/,,0,,,0,,0,28800,0,iPass Inc.||330|1|,0,0,,,1/868545,,0,1,MODEM,494923,0x4,,,,,,
LK,,Colombo,11,2343 731,104521,scripts.scp,S104521/,,0,,,0,,0,28800,0,iPass Inc.||331|1|,0,0,,,,,0,5,MODEM,497649,0x4,,,,,,
LT,,Kaunas,37,311 340,200536,scripts.scp,S200536/,,0,,,0,,0,28800,0,iPass Inc.||333|1|,0,0,,,,,0,1,MODEM,1954691,0x4,,,,,,
LT,,Vilnius,5,273 4115,108877,scripts.scp,S108877/,,0,,,0,,0,28800,0,iPass Inc.||333|1|,0,0,,,,,0,4,MODEM,1954691,0x4,,,,,,
LV,,Riga,,724 2457,102385,scripts.scp,S102385/,,0,,,0,,0,28800,0,iPass Inc.||335|1|,0,0,,,728366,,0,1,MODEM,503101,0x4,,,,,,
MD,,Kishinev,2,529 990,102410,scripts.scp,S102410/,,0,,,0,,0,28800,0,iPass Inc.||338|1|,0,0,,,2/525139,,0,1,MODEM,508553,0x4,,,,,,
MG,,Antananarivo,,226 3223,526947,scripts.scp,S526947/,,0,,,0,,0,28800,0,iPass Inc.||339|1|,0,,,,,,0,2,MODEM,1957417,0x4,,,,,,
MK,,Skopje,2,313 4244,104489,scripts.scp,S104489/,,0,,,0,,0,28800,0,iPass Inc.||340|1|,0,0,,,,,0,1,MODEM,511279,0x4,,,,,,
ML,,Bamako,,2225363,102401,scripts.scp,S102401/,,0,,,0,,0,28800,0,iPass Inc.||341|1|,0,0,,,224715,,0,1,MODEM,1288959,0x4,,,,,,
MN,,Ulaanbaatar,11,310 990,102411,scripts.scp,S102411/,,0,,,0,,0,28800,0,iPass Inc.||343|1|,0,0,,,1/311851,,0,2,MODEM,516731,0x4,,,,,,
MP,,Saipan,670,235 4137,104499,scripts.scp,S104499/,,0,,,0,,0,28800,0,iPass Inc.||345|1|,0,0,,,,,0,1,MODEM,519457,0x4,,,,,,
MQ,,Fort de France,596,421111,102403,scripts.scp,S102403/,,0,,,0,,0,28800,0,iPass Inc.||346|1|,0,0,,,421789,,0,1,MODEM,1291685,0x4,,,,,,
MR,,Nouakchott,,525 4108,102404,scripts.scp,S102404/,,0,,,0,,0,28800,0,iPass Inc.||347|1|,0,0,,,2/56224,,0,1,MODEM,522183,0x4,,,,,,
MT,,Valetta,,2124 1005,102402,scripts.scp,S102402/,,0,,,0,,0,28800,0,iPass Inc.||348|1|,0,0,,,677058,,0,2,MODEM,524909,0x4,,,,,,
MU,,Port Louis,,203 2400,102405,scripts.scp,S102405/,,0,,,0,,0,28800,0,iPass Inc.||349|1|,0,0,,,,,0,2,MODEM,1962869,0x4,,,,,,
MX,,Cancun,998,8841212,102406,scripts.scp,S102406/,,0,,,0,,0,28800,0,iPass Inc.||352|1|,0,0,,,420/2811 14,,0,3,MODEM,3467116,0x4,,,,,,
MX,,Chihuahua,614,430 0871,512838,scripts.scp,S512838/,,0,,,0,,0,28800,0,iPass Inc.||352|1|,0,,,,,,0,3,MODEM,3467116,0x4,,,,,,
MX,,Guadalajara,33,3827 0590,102407,scripts.scp,S102407/,,0,,,0,,0,28800,0,iPass Inc.||352|1|,0,0,,,420/2811 14,,0,5,MODEM,3467116,0x4,,,,,,
MX,,Hermosillo,662,218 5226,108864,scripts.scp,S108864/,,0,,,0,,0,28800,0,iPass Inc.||352|1|,0,0,,,,,0,3,MODEM,3467116,0x4,,,,,,
MX,,Mazatlan,669,913 5033,106957,scripts.scp,S106957/,,0,,,0,,0,28800,0,iPass Inc.||352|1|,0,0,,,,,0,3,MODEM,3467116,0x4,,,,,,
MX,,Merida,999,920 4445,512839,scripts.scp,S512839/,,0,,,0,,0,28800,0,iPass Inc.||352|1|,0,,,,,,0,3,MODEM,3467116,0x4,,,,,,
MX,,Monterrey,81,8340 3724,102409,scripts.scp,S102409/,,0,,,0,,0,28800,0,iPass Inc.||352|1|,0,0,,,420/2811 14,,0,5,MODEM,3467116,0x4,,,,,,
MX,,Puebla,222,237 8368,106958,scripts.scp,S106958/,,0,,,0,,0,28800,0,iPass Inc.||352|1|,0,0,,,,,0,4,MODEM,3467116,0x4,,,,,,
MX,,Puerto Vallarta,322,224 4867,113535,scripts.scp,S113535/,,0,,,0,,0,28800,0,iPass Inc.||352|1|,0,0,,,,,0,3,MODEM,3467116,0x4,,,,,,
MX,,Queretaro,442,215 0255,108865,scripts.scp,S108865/,,0,,,0,,0,28800,0,iPass Inc.||352|1|,0,0,,,,,0,4,MODEM,3467116,0x4,,,,,,
MX,,San Jose,624,142 3285,108866,scripts.scp,S108866/,,0,,,0,,0,28800,0,iPass Inc.||352|1|,0,0,,,,,0,1,MODEM,3467116,0x4,,,,,,
MX,,Veracruz,229,935 7606,512841,scripts.scp,S512841/,,0,,,0,,0,28800,0,iPass Inc.||352|1|,0,,,,,,0,3,MODEM,3467116,0x4,,,,,,
MY,,Johor Bahru,7,222 9849,104492,scripts.scp,S104492/,,0,,,0,,0,28800,0,iPass Inc.||353|1|,0,0,,,,,0,6,MODEM,530361,0x4,,,,,,
MY,,Kota Kinabalu,88,25 6079,106955,scripts.scp,S106955/,,0,,,0,,0,28800,0,iPass Inc.||353|1|,0,0,,,,,0,2,MODEM,530361,0x4,,,,,,
MY,,Kuantan,9,573 3873,503802,scripts.scp,S503802/,,0,,,0,,0,28800,0,iPass Inc.||353|1|,0,0,,,,,0,3,MODEM,530361,0x4,,,,,,
MY,,Kuching,82,23 0757,102399,scripts.scp,S102399/,,0,,,0,,0,28800,0,iPass Inc.||353|1|,0,0,,,3/6368001,,0,1,MODEM,530361,0x4,,,,,,
MY,,Penang,4,264 5188,102400,scripts.scp,S102400/,,0,,,0,,0,28800,0,iPass Inc.||353|1|,0,0,,,3/6368001,,0,7,MODEM,530361,0x4,,,,,,
MZ,,Maputo,1,309345,546149,scripts.scp,S546149/,,0,,,0,,0,28800,0,iPass Inc.||354|1|,0,,,,,,0,1,MODEM,1965595,0x4,,,,,,
NA,,Windhoek,61,250800,102416,scripts.scp,S102416/,,0,,,0,,0,28800,0,iPass Inc.||355|1|,0,0,,,61/230218,,0,1,MODEM,533087,0x4,,,,,,
NE,,Niamey,,732780,102428,scripts.scp,S102428/,,0,,,0,,0,28800,0,iPass Inc.||357|1|,0,0,,,735043,,0,1,MODEM,535813,0x4,,,,,,
NG,,Kano,64,64 8183,104498,scripts.scp,S104498/,,0,,,0,,0,28800,0,iPass Inc.||358|1|,0,0,,,,,0,1,MODEM,538539,0x4,,,,,,
NG,,Lagos,1,264 7778,102430,scripts.scp,S102430/,,0,,,0,,0,28800,0,iPass Inc.||358|1|,0,0,,,12/637176,,0,3,MODEM,538539,0x4,,,,,,
NG,,Port Harcourt,84,23 6492,200537,scripts.scp,S200537/,,0,,,0,,0,28800,0,iPass Inc.||358|1|,0,0,,,,,0,1,MODEM,538539,0x4,,,,,,
NI,,Managua,2,669786,102427,scripts.scp,S102427/,,0,,,0,,0,28800,0,iPass Inc.||359|1|,0,0,,,2/661713,,0,2,MODEM,2489782,0x4,,,,,,
NZ,,Hamilton,7,839 7901,102425,scripts.scp,S102425/,,0,,,0,,0,28800,0,iPass Inc.||363|1|,0,0,,,9/379 6066,,0,3,MODEM,543991,0x4,,,,,,
NZ,,Wellington,4,499 8312,102426,scripts.scp,S102426/,,0,,,0,,0,28800,0,iPass Inc.||363|1|,0,0,,,9/379 6066,,0,3,MODEM,543991,0x4,,,,,,
PA,,Panama City,,2631611,102437,scripts.scp,S102437/,,0,,,0,,0,28800,0,iPass Inc.||365|1|,0,0,,,2697944,,0,5,MODEM,549443,0x4,,,,,,
PE,,Arequipa,54,259565,512848,scripts.scp,S512848/,,0,,,0,,0,28800,0,iPass Inc.||366|1|,0,,,,,,0,1,MODEM,1299863,0x4,,,,,,
PE,,Lima,1,4211560,102440,scripts.scp,S102440/,,0,,,0,,0,28800,0,iPass Inc.||366|1|,0,0,,,1/211550,,0,3,MODEM,1299863,0x4,,,,,,
PH,,Manila,2,843 4977,102443,scripts.scp,S102443/,,0,,,0,,0,28800,0,iPass Inc.||369|1|,0,0,,,2/8437976,,0,15,MODEM,554895,0x4,,,,,,
PK,,Islamabad,51,2828898,512846,scripts.scp,S512846/,,0,,,0,,0,28800,0,iPass Inc.||370|1|,0,,,,,,0,2,MODEM,1302589,0x4,,,,,,
PK,,Peshawar,91,285343,517484,scripts.scp,S517484/,,0,,,0,,0,28800,0,iPass Inc.||370|1|,0,,,,,,0,2,MODEM,1302589,0x4,,,,,,
PL,,Katowice,32,2518481,108867,scripts.scp,S108867/,,0,,,0,,0,28800,0,iPass Inc.||371|1|,0,0,,,,,0,3,MODEM,1973773,0x4,,,,,,
PL,,Krakow,12,4312222,526922,scripts.scp,S526922/,,0,,,0,,0,28800,0,iPass Inc.||371|1|,0,,,,,,0,2,MODEM,1973773,0x4,,,,,,
PL,,Poznan,61,8553409,102454,scripts.scp,S102454/,,0,,,0,,0,28800,0,iPass Inc.||371|1|,0,0,,,22/650 4700,,0,1,MODEM,1973773,0x4,,,,,,
PL,,Warsaw,22,5292090,526923,scripts.scp,S526923/,,0,,,0,,0,28800,0,iPass Inc.||371|1|,0,,,,,,0,3,MODEM,1973773,0x4,,,,,,
PL,,Warsaw,22,5754900,512851,scripts.scp,S512851/,,0,,,0,,0,28800,0,iPass Inc.||371|1|,0,,,,,,0,4,MODEM,1973773,0x4,,,,,,
PL,,Wroclaw,71,3419351,512853,scripts.scp,S512853/,,0,,,0,,0,28800,0,iPass Inc.||371|1|,0,,,,,,0,1,MODEM,1973773,0x4,,,,,,
PT,,Faro,,289 817 034,226546,scripts.scp,S226546/,,0,,,0,,0,28800,0,iPass Inc.||373|1|,,0,,,,,0,2,MODEM,560347,0x4,,,,,,
PT,,Funchal,,291 223 398,226547,scripts.scp,S226547/,,0,,,0,,0,28800,0,iPass Inc.||373|1|,,0,,,,,0,3,MODEM,560347,0x4,,,,,,
PY,,Asuncion,21,450169,104504,scripts.scp,S104504/,,0,,,0,,0,28800,0,iPass Inc.||374|1|,0,0,,,,,0,1,MODEM,1976499,0x4,,,,,,
RE,,St. Denis,,262 280 216,514619,scripts.scp,S514619/,,0,,,0,,0,28800,0,iPass Inc.||376|1|,0,,,,,,0,1,MODEM,563073,0x4,,,,,,
RO,,Bacau,234,510 733,200538,scripts.scp,S200538/,,0,,,0,,0,28800,0,iPass Inc.||377|1|,0,0,,,,,0,3,MODEM,565799,0x4,,,,,,
RO,,Brasov,268,472 102,526919,scripts.scp,S526919/,,0,,,0,,0,28800,0,iPass Inc.||377|1|,0,,,,,,0,3,MODEM,565799,0x4,,,,,,
RO,,Bucharest,21,303 8123,201586,scripts.scp,S201586/,,0,,,0,,0,28800,0,iPass Inc.||377|1|,0,0,,,1/222 3638,,0,2,MODEM,565799,0x4,,,,,,
RO,,Cluj Napoca,264,591 894,564464,scripts.scp,S564464/,,0,,,0,,0,28800,0,iPass Inc.||377|1|,0,,,,,,0,1,MODEM,565799,0x4,,,,,,
RO,,Constanta,241,691 502,108869,scripts.scp,S108869/,,0,,,0,,0,28800,0,iPass Inc.||377|1|,0,0,,,,,0,3,MODEM,565799,0x4,,,,,,
RO,,Timisoara,256,221 002,106944,scripts.scp,S106944/,,0,,,0,,0,28800,0,iPass Inc.||377|1|,0,0,,,,,0,3,MODEM,565799,0x4,,,,,,
RU,,Irkutsk,3952,211077,563319,scripts.scp,S563319/,,0,,,0,,0,28800,0,iPass Inc.||378|1|,0,,,,,,0,1,MODEM,2563496,0x4,,,,,,
RU,,Khabarovsk,4212,78 3304,509678,scripts.scp,S509678/,,0,,,0,,0,28800,0,iPass Inc.||378|1|,0,,,,,,0,1,MODEM,2563496,0x4,,,,,,
RU,,Krasnodar,861,253 7654,591684,scripts.scp,S591684/,,0,,,0,,0,28800,0,iPass Inc.||378|1|,0,0,,,,,0,1,MODEM,2563496,0x4,,,,,,
RU,,Moscow,095,258 6790,526915,scripts.scp,S526915/,,0,,,0,,0,28800,0,iPass Inc.||378|1|,0,,,,,,0,8,MODEM,2563496,0x4,,,,,,
RU,,Nizhniy Novgorod,8312,759 588,557346,scripts.scp,S557346/,,0,,,0,,0,28800,0,iPass Inc.||378|1|,0,,,,,,0,1,MODEM,2563496,0x4,,,,,,
RU,,Novosibirsk,3832,27 7039,562685,scripts.scp,S562685/,,0,,,0,,0,28800,0,iPass Inc.||378|1|,0,,,,,,0,1,MODEM,2563496,0x4,,,,,,
RU,,Samara,8462,696 092,591644,scripts.scp,S591644/,,0,,,0,,0,9600,0,iPass Inc.||378|1|,0,0,,,,,0,1,MODEM,2563496,0x4,,,,,,
RU,,St. Petersburg,812,3321199,551265,scripts.scp,S551265/,,0,,,0,,0,28800,0,iPass Inc.||378|1|,0,,,,,,0,2,MODEM,2563496,0x4,,,,,,
RU,,Tyumen,3452,46 3922,583923,scripts.scp,S583923/,,0,,,0,,0,28800,0,iPass Inc.||378|1|,0,,,,,,0,1,MODEM,2563496,0x4,,,,,,
RU,,Vladivostok,4232,49 1090,526914,scripts.scp,,,0,,,0,,0,28800,1,iPass Inc.||378|1|,0,,,,,,0,1,MODEM,2563496,0x5,,,,,,
RU,,Voronezh,0732,644 976,587949,scripts.scp,S587949/,,0,,,0,,0,9600,0,iPass Inc.||378|1|,0,0,,,,,0,1,MODEM,2563496,0x4,,,,,,
RU,,Yuzhno Sakhalinsk,4242,78 8997,562264,scripts.scp,S562264/,,0,,,0,,0,9600,0,iPass Inc.||378|1|,0,,,,,,0,1,MODEM,2563496,0x4,,,,,,
RW,,Kigali,,578781,106950,scripts.scp,S106950/,,0,,,0,,0,28800,0,iPass Inc.||379|1|,0,0,,,,,0,1,MODEM,568525,0x4,,,,,,
SI,,Koper,5,6392115,526912,scripts.scp,S526912/,,0,,,0,,0,9600,0,iPass Inc.||386|1|,0,,,,,,0,1,MODEM,579429,0x4,,,,,,
SI,,Ljubljana,1,437 8120,102502,scripts.scp,S102502/,,0,,,0,,0,28800,0,iPass Inc.||386|1|,0,0,,,61/133 6335,,0,1,MODEM,579429,0x4,,,,,,
SI,,Maribor,2,332 7380,102503,scripts.scp,S102503/,,0,,,0,,0,28800,0,iPass Inc.||386|1|,0,0,,,61/133 6335,,0,1,MODEM,579429,0x4,,,,,,
SI,,Nova Gorica,5,300 2080,102504,scripts.scp,S102504/,,0,,,0,,0,9600,0,iPass Inc.||386|1|,0,0,,,61/133 6335,,0,1,MODEM,579429,0x4,,,,,,
SK,,Bratislava,2,5556 5773,104518,scripts.scp,S104518/,,0,,,0,,0,28800,0,iPass Inc.||387|1|,0,0,,,,,0,1,MODEM,1981951,0x4,,,,,,
SK,,Kosice,55,623 0440,104519,scripts.scp,S104519/,,0,,,0,,0,28800,0,iPass Inc.||387|1|,0,0,,,,,0,1,MODEM,1981951,0x4,,,,,,
SK,,Zilina,41,564 3306,526911,scripts.scp,S526911/,,0,,,0,,0,9600,0,iPass Inc.||387|1|,0,,,,,,0,1,MODEM,1981951,0x4,,,,,,
SL,,Freetown,22,228850,102497,scripts.scp,S102497/,,0,,,0,,0,28800,0,iPass Inc.||388|1|,0,0,,,22/226066,,0,1,MODEM,582155,0x4,,,,,,
SL,,Freetown,22,293520,517486,scripts.scp,S517486/,,0,,,0,,0,28800,0,iPass Inc.||388|1|,0,,,,,,0,2,MODEM,582155,0x4,,,,,,
SV,,San Salvador,,260 3434,200526,scripts.scp,S200526/,,0,,,0,,0,28800,0,iPass Inc.||392|1|,0,0,,,,,0,1,MODEM,587607,0x4,,,,,,
TG,,Lome,,2211494,102543,scripts.scp,S102543/,,0,,,0,,0,28800,0,iPass Inc.||395|1|,0,0,,,210335,,0,1,MODEM,904131,0x4,,,,,,
TR,,Ankara,312,468 8042,102548,scripts.scp,S102548/,,0,,,0,,0,28800,0,iPass Inc.||400|1|,0,0,,,312/468 8041,,0,4,MODEM,1316219,0x4,,,,,,
TR,,Antalya,,2423303540,526924,scripts.scp,S526924/,,0,,,0,,0,28800,0,iPass Inc.||400|1|,0,,,,,,0,4,MODEM,1316219,0x4,,,,,,
TR,,Bodrum,252,313 9204,200545,scripts.scp,S200545/,,0,,,0,,0,28800,0,iPass Inc.||400|1|,0,0,,,,,0,2,MODEM,1316219,0x4,,,,,,
TR,,Bursa,224,224 5830,200546,scripts.scp,S200546/,,0,,,0,,0,28800,0,iPass Inc.||400|1|,0,0,,,,,0,4,MODEM,1316219,0x4,,,,,,
TR,,Ercan,392,228 6412,517488,scripts.scp,S517488/,,0,,,0,,0,28800,0,iPass Inc.||400|1|,0,,,,,,0,1,MODEM,1316219,0x4,,,,,,
TR,,Gaziantep,342,230 1529,200547,scripts.scp,S200547/,,0,,,0,,0,28800,0,iPass Inc.||400|1|,0,0,,,,,0,4,MODEM,1316219,0x4,,,,,,
TR,,Istanbul,212,234 6100,113555,scripts.scp,S113555/,,0,,,0,,0,28800,0,iPass Inc.||400|1|,0,0,,,,,0,12,MODEM,1316219,0x4,,,,,,
TR,,Izmir,232,446 2034,102550,scripts.scp,S102550/,,0,,,0,,0,28800,0,iPass Inc.||400|1|,0,0,,,232/4258929,,0,4,MODEM,1316219,0x4,,,,,,
TR,,Kusadasi,256,613 3748,200548,scripts.scp,S200548/,,0,,,0,,0,28800,0,iPass Inc.||400|1|,0,0,,,,,0,2,MODEM,1316219,0x4,,,,,,
TR,,Mersin,324,337 3670,200549,scripts.scp,S200549/,,0,,,0,,0,28800,0,iPass Inc.||400|1|,0,0,,,,,0,1,MODEM,1316219,0x4,,,,,,
TW,,Taichung,4,2305 4257,104524,scripts.scp,S104524/,,0,,,0,,0,28800,0,iPass Inc.||402|1|,0,0,,,,,0,2,MODEM,2230647,0x4,,,,,,
TZ,,Arusha,27,2544121,517487,scripts.scp,S517487/,,0,,,0,,0,28800,0,iPass Inc.||403|1|,0,,,,,,0,3,MODEM,906857,0x4,,,,,,
TZ,,Dar es Salaam,22,2120072,514620,scripts.scp,S514620/,,0,,,0,,0,28800,0,iPass Inc.||403|1|,0,,,,,,0,1,MODEM,906857,0x4,,,,,,
UA,,Dnepropetrovsk,562,34 1364,505385,scripts.scp,S505385/,,0,,,0,,0,28800,0,iPass Inc.||404|1|,0,0,,,,,0,1,MODEM,1987403,0x4,,,,,,
UA,,Donetsk,62,3853766,546152,scripts.scp,S546152/,,0,,,0,,0,9600,0,iPass Inc.||404|1|,0,,,,,,0,1,MODEM,1987403,0x4,,,,,,
UA,,Kiev,44,2303849,526897,scripts.scp,S526897/,,0,,,0,,0,28800,0,iPass Inc.||404|1|,0,,,,,,0,1,MODEM,1987403,0x4,,,,,,
UA,,Lvov,322,952828,526899,scripts.scp,S526899/,,0,,,0,,0,9600,0,iPass Inc.||404|1|,0,,,,,,0,1,MODEM,1987403,0x4,,,,,,
UA,,Odessa,48,715 0255,534619,scripts.scp,S534619/,,0,,,0,,0,28800,0,iPass Inc.||404|1|,0,,,,,,0,1,MODEM,1987403,0x4,,,,,,
UG,,Kampala,41,343775,102552,scripts.scp,S102552/,,0,,,0,,0,28800,0,iPass Inc.||405|1|,0,0,,,41/242948,,0,2,MODEM,2492508,0x4,,,,,,
UZ,,Tashkent,71,132 1700,521558,scripts.scp,S521558/,,0,,,0,,0,28800,0,iPass Inc.||409|1|,0,,,,,,0,1,MODEM,606703,0x4,,,,,,
VE,,Barquisimeto,251,254 9322,505401,scripts.scp,S505401/,,0,,,0,,0,28800,0,iPass Inc.||410|1|,0,0,,,,,0,3,MODEM,2001033,0x4,,,,,,
VE,,Caracas,212,2374633,102592,scripts.scp,S102592/,,0,,,0,,0,28800,0,iPass Inc.||410|1|,0,0,,,2/2379222,,0,5,MODEM,2001033,0x4,,,,,,
VE,,Maracaibo,261,792 8711,108810,scripts.scp,S108810/,,0,,,0,,0,28800,0,iPass Inc.||410|1|,0,0,,,,,0,3,MODEM,2001033,0x4,,,,,,
VE,,Porlamar,295,262 4311,505398,scripts.scp,S505398/,,0,,,0,,0,9600,0,iPass Inc.||410|1|,0,0,,,,,0,3,MODEM,2001033,0x4,,,,,,
VE,,Puerto La Cruz,281,267 0133,505399,scripts.scp,S505399/,,0,,,0,,0,28800,0,iPass Inc.||410|1|,0,0,,,,,0,2,MODEM,2001033,0x4,,,,,,
VE,,Puerto Ordaz,281,267 0133,514621,scripts.scp,S514621/,,0,,,0,,0,28800,0,iPass Inc.||410|1|,0,,,,,,0,3,MODEM,2001033,0x4,,,,,,
ZA,,Cape Town,21,683 6666,555264,scripts.scp,S555264/,,0,,,0,,0,28800,0,iPass Inc.||416|1|,0,,,,,,0,3,MODEM,1992855,0x4,,,,,,
ZA,,Durban,31,307 2203,102506,scripts.scp,S102506/,,0,,,0,,0,28800,0,iPass Inc.||416|1|,0,0,,,31/3075878,,0,2,MODEM,1992855,0x4,,,,,,
ZA,,Johannesburg,11,974 8997,511398,scripts.scp,S511398/,,0,,,0,,0,28800,0,iPass Inc.||416|1|,0,,,,,,0,3,MODEM,1992855,0x4,,,,,,
ZA,,Johannesburg,11,803 0182,591656,scripts.scp,S591656/,,0,,,0,,0,28800,0,iPass Inc.||416|1|,0,,,,,,0,4,MODEM,1992855,0x4,,,,,,
ZM,,Lusaka,1,228 357,102598,scripts.scp,S102598/,,0,,,0,,0,28800,0,iPass Inc.||417|1|,0,0,,,1/224679,,0,1,MODEM,1324397,0x4,,,,,,
ZM,,Ndola,2,620 950,104537,scripts.scp,S104537/,,0,,,0,,0,28800,0,iPass Inc.||417|1|,0,0,,,,,0,1,MODEM,1324397,0x4,,,,,,
ZW,,Bulawayo,9,883 099,534722,scripts.scp,S534722/,,0,,,0,,0,28800,0,iPass Inc.||418|1|,0,,,,,,0,3,MODEM,3357883,0x4,,,,,,
